{
  "project_info": {
    "project_number": "430493414573",
    "project_id": "bikeriderdb-feb71",
    "storage_bucket": "bikeriderdb-feb71.firebasestorage.app"
  },
  "client": [
    {
      "client_info": {
        "mobilesdk_app_id": "1:430493414573:android:82ec2dcf39048a4329c224",
        "android_client_info": {
          "package_name": "com.example.bikeridertest"
        }
      },
      "oauth_client": [],
      "api_key": [
        {
          "current_key": "AIzaSyDDIHLmqrVNA4nbULdkSNv_L5cONMBpU5E"
        }
      ],
      "services": {
        "appinvite_service": {
          "other_platform_oauth_client": []
        }
      }
    }
  ],
  "configuration_version": "1"
}